[
  {
    "dim_id": "REV_DRIFT",
    "display_en": "Revenue Drift",
    "display_zh": "營收漂移",
    "core_metrics": [
      "IS.REVENUE"
    ]
  },
  {
    "dim_id": "CUST_CONC_RET",
    "display_en": "Customer Concentration & Retention Drift",
    "display_zh": "客戶集中/留存漂移",
    "core_metrics": [
      "KPI.CUST_CONC",
      "KPI.CUST_RET",
      "IS.REVENUE"
    ]
  },
  {
    "dim_id": "MARGIN_DRIFT",
    "display_en": "Margin Drift",
    "display_zh": "毛利漂移",
    "core_metrics": [
      "IS.GM_PCT",
      "IS.GP",
      "IS.COGS"
    ]
  },
  {
    "dim_id": "COST_STRUCT",
    "display_en": "Cost Structure Drift",
    "display_zh": "成本結構漂移",
    "core_metrics": [
      "IS.COGS",
      "IS.OPEX",
      "IS.SGA",
      "IS.RND"
    ]
  },
  {
    "dim_id": "INV_HEALTH",
    "display_en": "Inventory Health Drift",
    "display_zh": "存貨健康漂移",
    "core_metrics": [
      "BS.INV",
      "KPI.DIO",
      "KPI.INV_AGING"
    ]
  },
  {
    "dim_id": "AR_CREDIT",
    "display_en": "AR Quality & Credit Drift",
    "display_zh": "應收品質/信用漂移",
    "core_metrics": [
      "BS.AR",
      "KPI.DSO",
      "KPI.AR_AGING"
    ]
  },
  {
    "dim_id": "CASH_CYCLE",
    "display_en": "Cash Cycle & Liquidity Drift",
    "display_zh": "現金週期/流動性漂移",
    "core_metrics": [
      "KPI.DSO",
      "KPI.DIO",
      "KPI.DPO",
      "KPI.CCC",
      "BS.CASH",
      "CF.CFO"
    ]
  },
  {
    "dim_id": "EXEC_VOL",
    "display_en": "Execution Volatility Drift",
    "display_zh": "執行波動漂移",
    "core_metrics": [
      "META.FORECAST",
      "META.BUDGET",
      "META.ACTUAL",
      "META.VARIANCE",
      "OPS.RUSH",
      "OPS.PLANNED"
    ]
  }
]